1100907981246529537,Wed Feb 27 23:58:11 +0000 2019,KdL1337,907,2,0
1100907860223913984,Wed Feb 27 23:57:42 +0000 2019,DJsJewelry,68,0,1
1100907324456153088,Wed Feb 27 23:55:34 +0000 2019,VeronicaVM17,1157,2,7
1100904882356146176,Wed Feb 27 23:45:52 +0000 2019,oukadaia,329,3,0
1100904063917531136,Wed Feb 27 23:42:37 +0000 2019,ParmBilkhu,3956,0,1
1100904026365923328,Wed Feb 27 23:42:28 +0000 2019,kathrynmeath,18,0,3
1100903850469257216,Wed Feb 27 23:41:46 +0000 2019,mattnaumann,2305,0,1
1100902756955521024,Wed Feb 27 23:37:25 +0000 2019,GothAsianSinner,44,0,1
1100902420438118405,Wed Feb 27 23:36:05 +0000 2019,japanesehotporn,15139,0,1
1100902329744793600,Wed Feb 27 23:35:43 +0000 2019,mycoolcowling,164,0,2
1100902313118511104,Wed Feb 27 23:35:39 +0000 2019,freeitout,246,0,1
1100901128491790336,Wed Feb 27 23:30:57 +0000 2019,kjhgfx1,309,0,1
1100900895120711680,Wed Feb 27 23:30:01 +0000 2019,Hayato_barrier,431,0,1
1100898602875056128,Wed Feb 27 23:20:55 +0000 2019,PowercutMusic,766,1,0
1100898400390836224,Wed Feb 27 23:20:07 +0000 2019,sane_show,23,1,2
1100897119840288768,Wed Feb 27 23:15:01 +0000 2019,japanesehotporn,15139,0,2
1100896714607624192,Wed Feb 27 23:13:25 +0000 2019,DJTheCoach,4460,0,1
1100896414484307973,Wed Feb 27 23:12:13 +0000 2019,YuliianaH18,73,182,0
1100896036434989056,Wed Feb 27 23:10:43 +0000 2019,underratedbias,440,1,1
1100895936665006082,Wed Feb 27 23:10:19 +0000 2019,OfficialCptAK,176,0,1
1100894887828811776,Wed Feb 27 23:06:09 +0000 2019,lil_teezan,296,0,0
1100894787534643200,Wed Feb 27 23:05:45 +0000 2019,freeitout,246,0,0
1100893954537480192,Wed Feb 27 23:02:27 +0000 2019,robottaylor,7,0,0
1100893021489508352,Wed Feb 27 22:58:44 +0000 2019,FeatherTalia,84,0,6
1100892770439450629,Wed Feb 27 22:57:44 +0000 2019,maytanmasso,22,0,0
1100892657696423936,Wed Feb 27 22:57:17 +0000 2019,carmen_m_0326,738,1,0
1100891847386226690,Wed Feb 27 22:54:04 +0000 2019,Fabiolapjz,39,0,0
1100891786661249024,Wed Feb 27 22:53:50 +0000 2019,King_Skela,1217,0,0
1100891283315404802,Wed Feb 27 22:51:50 +0000 2019,plomaheezy,72,2,0
1100890931090386947,Wed Feb 27 22:50:26 +0000 2019,TheYoloar,326,0,0
1100890757714579461,Wed Feb 27 22:49:44 +0000 2019,Elk_Uur_Een_Mop,22862,0,0
1100889391558324224,Wed Feb 27 22:44:19 +0000 2019,PhilGalfond,96084,2,53
1100889274801565696,Wed Feb 27 22:43:51 +0000 2019,MIYUKI315670331,3871,3,0
1100887322508161024,Wed Feb 27 22:36:05 +0000 2019,lil_teezan,296,0,0
1100887299435319296,Wed Feb 27 22:36:00 +0000 2019,japanesehotporn,15139,0,1
1100887202085560320,Wed Feb 27 22:35:37 +0000 2019,freeitout,246,0,0
1100887199434792960,Wed Feb 27 22:35:36 +0000 2019,tatsuya_bmp,159,1,20
1100887066987118593,Wed Feb 27 22:35:04 +0000 2019,KibaYuuji,551,15,0
1100886429478072321,Wed Feb 27 22:32:32 +0000 2019,kimthegreat,381,0,0
1100886130755596288,Wed Feb 27 22:31:21 +0000 2019,TLCrystals,52,0,0
1100885108792401920,Wed Feb 27 22:27:18 +0000 2019,Minato_RA6,67,3,10
1100885002806390784,Wed Feb 27 22:26:52 +0000 2019,mogusano,212,0,1
1100884546617257986,Wed Feb 27 22:25:04 +0000 2019,nomadstickers,653,0,0
1100884492653395972,Wed Feb 27 22:24:51 +0000 2019,DoghouseAntique,768,0,3
1100884308170960897,Wed Feb 27 22:24:07 +0000 2019,rm_love2111,148,11,0
1100883281564835843,Wed Feb 27 22:20:02 +0000 2019,francisdmarion,1223,0,11
1100883276674273280,Wed Feb 27 22:20:01 +0000 2019,BizTechMagazine,20890,1,0
1100880015217119237,Wed Feb 27 22:07:03 +0000 2019,DCCheer3,53,0,4
1100879768629608450,Wed Feb 27 22:06:04 +0000 2019,lil_teezan,296,0,0
1100879729136230401,Wed Feb 27 22:05:55 +0000 2019,MsKimJohnson,641,0,0
1100879631157157889,Wed Feb 27 22:05:32 +0000 2019,freeitout,246,0,0
1100879508285128705,Wed Feb 27 22:05:02 +0000 2019,kihlgrengustav,21,0,4
1100878875943260162,Wed Feb 27 22:02:32 +0000 2019,freddypleyva,7412,182,0
1100878558929584135,Wed Feb 27 22:01:16 +0000 2019,BeemoPoops,1,0,0
1100878380218499072,Wed Feb 27 22:00:33 +0000 2019,FraitDejan,380,0,1
1100878289588113410,Wed Feb 27 22:00:12 +0000 2019,theErikaBarry,2218,0,0
1100877553047240704,Wed Feb 27 21:57:16 +0000 2019,MrJohnnyOrtiz,2156,0,0
1100877120597680130,Wed Feb 27 21:55:33 +0000 2019,WonderWilbur,297,0,7
1100876699359690752,Wed Feb 27 21:53:53 +0000 2019,GmamaPope,278,0,3
1100876276209012738,Wed Feb 27 21:52:12 +0000 2019,Masakurance,69,0,0
1100875301373071360,Wed Feb 27 21:48:19 +0000 2019,SandraSchehl,2756,1,9
1100875259824214029,Wed Feb 27 21:48:09 +0000 2019,lindacha80,1489,0,2
1100873804941733893,Wed Feb 27 21:42:23 +0000 2019,monarkgallery,10098,2,0
1100873687618641920,Wed Feb 27 21:41:55 +0000 2019,Melissa_Toriz,1052,182,0
1100872688527060994,Wed Feb 27 21:37:56 +0000 2019,KarinaFayArt,8644,2,4
1100872662405001222,Wed Feb 27 21:37:50 +0000 2019,ssauvin_,4,0,0
1100872231377223680,Wed Feb 27 21:36:07 +0000 2019,lil_teezan,296,0,0
1100872179829198848,Wed Feb 27 21:35:55 +0000 2019,japanesehotporn,15139,0,2
1100872112451989506,Wed Feb 27 21:35:39 +0000 2019,freeitout,246,0,0
1100871294688595977,Wed Feb 27 21:32:24 +0000 2019,TomWharton_2,37,0,1
1100869036299243521,Wed Feb 27 21:23:26 +0000 2019,Taylorrrholttt,263,0,1
1100868434282328064,Wed Feb 27 21:21:02 +0000 2019,team_blute,97,0,1
1100867918408036352,Wed Feb 27 21:18:59 +0000 2019,Guy4orty,17,0,0
1100867550412525568,Wed Feb 27 21:17:31 +0000 2019,Nelson1Garcia,627,0,1
1100866773535129600,Wed Feb 27 21:14:26 +0000 2019,epricington,85,0,1
1100866591896625152,Wed Feb 27 21:13:43 +0000 2019,Gabryel_88,550,0,1
1100866577417846784,Wed Feb 27 21:13:39 +0000 2019,AutoHotTakes,15,0,0
1100866412476690432,Wed Feb 27 21:13:00 +0000 2019,LoveRunSmile,17995,1,0
1100866105017536520,Wed Feb 27 21:11:47 +0000 2019,Mexicanwei,120,0,0
1100865532679634945,Wed Feb 27 21:09:30 +0000 2019,ccazorla1977,37,3,0
1100865454585843718,Wed Feb 27 21:09:12 +0000 2019,katieschofield4,914,0,5
1100865353750667264,Wed Feb 27 21:08:48 +0000 2019,ccazorla1977,37,4,0
1100865200717205514,Wed Feb 27 21:08:11 +0000 2019,yanatacos,54,0,0
1100864858478776344,Wed Feb 27 21:06:49 +0000 2019,team_blute,97,0,0
1100864804120477696,Wed Feb 27 21:06:37 +0000 2019,AvinaKarol,19,182,0
1100864670053744640,Wed Feb 27 21:06:05 +0000 2019,lil_teezan,296,0,0
1100864530664443904,Wed Feb 27 21:05:31 +0000 2019,freeitout,246,0,0
1100864258861137920,Wed Feb 27 21:04:27 +0000 2019,TribalCompass,719,0,1
1100864251919503376,Wed Feb 27 21:04:25 +0000 2019,kaylawilson425,195,0,1
1100863512765710339,Wed Feb 27 21:01:29 +0000 2019,gyusbaby,244,0,1
1100863468448743429,Wed Feb 27 21:01:18 +0000 2019,ParkWestLife,468,0,1
1100863372415782914,Wed Feb 27 21:00:55 +0000 2019,Jessdown3y,26,0,2
1100861251826126851,Wed Feb 27 20:52:30 +0000 2019,halordbiron,804,337,0
1100860773482618892,Wed Feb 27 20:50:36 +0000 2019,gustaveIijahr,1210,0,12
1100859531465318401,Wed Feb 27 20:45:39 +0000 2019,RetweetIsMoney,16,1,0
1100858996951519246,Wed Feb 27 20:43:32 +0000 2019,zicozocialvol2,538,0,1
1100858855670583299,Wed Feb 27 20:42:58 +0000 2019,boostjockster,6597,0,0
1100857659912347648,Wed Feb 27 20:38:13 +0000 2019,_ByteMyBits,2814,0,1
1100857127365574657,Wed Feb 27 20:36:06 +0000 2019,lil_teezan,296,0,0
1100857061330497538,Wed Feb 27 20:35:51 +0000 2019,japanesehotporn,15139,0,3
1100857000282345473,Wed Feb 27 20:35:36 +0000 2019,freeitout,246,0,0
1100852620090998784,Wed Feb 27 20:18:12 +0000 2019,MFOLSanDiego,536,14,0
1100851209446019077,Wed Feb 27 20:12:35 +0000 2019,hvndong_ie,319,0,35
1100851191326654464,Wed Feb 27 20:12:31 +0000 2019,marianasosa89,13,182,0
1100851025093701632,Wed Feb 27 20:11:51 +0000 2019,JennyDance18,138,0,3
1100850837553926146,Wed Feb 27 20:11:07 +0000 2019,YoloPoe,53,0,0
1100849665984131072,Wed Feb 27 20:06:27 +0000 2019,wekimekisatan,237,0,1
1100849569166962691,Wed Feb 27 20:06:04 +0000 2019,lil_teezan,296,0,0
1100849439529328641,Wed Feb 27 20:05:33 +0000 2019,freeitout,246,0,0
1100848519135612928,Wed Feb 27 20:01:54 +0000 2019,remy_asap,39,0,0
1100848487946547208,Wed Feb 27 20:01:46 +0000 2019,BJayy13,459,0,2
1100848156026253314,Wed Feb 27 20:00:27 +0000 2019,HiRezTobis,773,0,0
1100848081996779520,Wed Feb 27 20:00:10 +0000 2019,IntelliTraveler,7294,1,0
1100847989256466432,Wed Feb 27 19:59:48 +0000 2019,keeyom,807,120,0
1100847283216793601,Wed Feb 27 19:56:59 +0000 2019,jesli_cotoniel,640,0,4
1100847213759119361,Wed Feb 27 19:56:43 +0000 2019,yugxmoon,559,410,0
1100847204946903041,Wed Feb 27 19:56:41 +0000 2019,yugxmoon,559,207,0
1100847193244815360,Wed Feb 27 19:56:38 +0000 2019,yugxmoon,559,118,0
1100847180624076802,Wed Feb 27 19:56:35 +0000 2019,yugxmoon,559,120,0
1100846541454086144,Wed Feb 27 19:54:02 +0000 2019,CiaoBambino,14400,1,0
1100845431347646471,Wed Feb 27 19:49:38 +0000 2019,ManchesterUtd81,166,0,0
1100842863947067392,Wed Feb 27 19:39:26 +0000 2019,bluudoll,982,0,0
1100841951417401345,Wed Feb 27 19:35:48 +0000 2019,japanesehotporn,15139,0,1
1100841909520543745,Wed Feb 27 19:35:38 +0000 2019,freeitout,246,0,0
1100841478580953093,Wed Feb 27 19:33:55 +0000 2019,the_hb_life,0,0,1
1100841003420794880,Wed Feb 27 19:32:02 +0000 2019,ayannawhoooop,1150,0,0
1100840940879663105,Wed Feb 27 19:31:47 +0000 2019,Antonio99129027,22,0,1
1100840926329618432,Wed Feb 27 19:31:44 +0000 2019,WriterLad,439,0,0
1100840836441534466,Wed Feb 27 19:31:22 +0000 2019,famousxasiaa,223,0,0
1100840836097548291,Wed Feb 27 19:31:22 +0000 2019,TeressaPopat,721,0,0
1100840511978393600,Wed Feb 27 19:30:05 +0000 2019,Rock2345611,27,0,0
1100840478130536450,Wed Feb 27 19:29:57 +0000 2019,Blackpapaya1,16217,0,1
1100840473642455040,Wed Feb 27 19:29:56 +0000 2019,JzSodi,908,0,0
1100839567987339264,Wed Feb 27 19:26:20 +0000 2019,OsSabanero,26,0,0
1100837196276420608,Wed Feb 27 19:16:54 +0000 2019,lisalauneey,372,12,0
1100836951387721728,Wed Feb 27 19:15:56 +0000 2019,getliveviews,8956,2,0
1100836077978509312,Wed Feb 27 19:12:28 +0000 2019,josemasonia,437,2,0
1100835655196782597,Wed Feb 27 19:10:47 +0000 2019,bayoubabylon,1618,0,1
1100834845276733440,Wed Feb 27 19:07:34 +0000 2019,MsKimJohnson,641,0,0
1100834603198107648,Wed Feb 27 19:06:36 +0000 2019,urduecksalesguy,101387,0,2
1100834470532272128,Wed Feb 27 19:06:04 +0000 2019,lil_teezan,296,0,0
1100834332774608896,Wed Feb 27 19:05:32 +0000 2019,freeitout,246,0,0
1100833873213181952,Wed Feb 27 19:03:42 +0000 2019,ipheellusion,609,0,0
1100832818832257024,Wed Feb 27 18:59:31 +0000 2019,alexpopram,2,182,0
1100832126650396672,Wed Feb 27 18:56:46 +0000 2019,ydanna_banana,373,1,18
1100831920139554816,Wed Feb 27 18:55:56 +0000 2019,massayaka,607,0,2
1100831757232795648,Wed Feb 27 18:55:18 +0000 2019,God32633873,0,0,0
1100831045631557634,Wed Feb 27 18:52:28 +0000 2019,YadiraIboon,86,182,0
1100830714608697344,Wed Feb 27 18:51:09 +0000 2019,Great_Vacations,6072,1,3
1100830290119782400,Wed Feb 27 18:49:28 +0000 2019,cindylaneross,979,0,0
1100829315594444802,Wed Feb 27 18:45:35 +0000 2019,I__FIRE__I,1693,2,10
1100828161757986816,Wed Feb 27 18:41:00 +0000 2019,AltcoinBadger,1497,1,0
1100826924505456641,Wed Feb 27 18:36:05 +0000 2019,lil_teezan,296,0,0
1100826897800409089,Wed Feb 27 18:35:59 +0000 2019,inurhamper,2,0,0
1100826832243286016,Wed Feb 27 18:35:43 +0000 2019,japanesehotporn,15139,0,1
1100826800584704000,Wed Feb 27 18:35:36 +0000 2019,freeitout,246,0,0
1100826499601453056,Wed Feb 27 18:34:24 +0000 2019,God32633873,0,0,0
1100826383620759554,Wed Feb 27 18:33:56 +0000 2019,TcalvertRealtor,7,0,1
1100825322843447303,Wed Feb 27 18:29:43 +0000 2019,TheBostonBond,7,1,1
1100825303037861888,Wed Feb 27 18:29:39 +0000 2019,mma_ghost,4591,2,0
1100825245471133696,Wed Feb 27 18:29:25 +0000 2019,patricemurrell,70,1,1
1100825119528603648,Wed Feb 27 18:28:55 +0000 2019,akl_wanderer,2571,0,0
1100824523136483332,Wed Feb 27 18:26:33 +0000 2019,stevetrex42,85,0,1
1100824435135778816,Wed Feb 27 18:26:12 +0000 2019,marktimemedia,4244,0,6
1100823642403938304,Wed Feb 27 18:23:03 +0000 2019,BS3Sports,7679,16,0
1100822804075810816,Wed Feb 27 18:19:43 +0000 2019,herewearebot,467,1,0
1100822453683716096,Wed Feb 27 18:18:19 +0000 2019,AnuharNamur,309,0,1
1100821847992602626,Wed Feb 27 18:15:55 +0000 2019,SophiaD1980,18,0,1
1100821384731770880,Wed Feb 27 18:14:05 +0000 2019,ArakiCrafts,989,4,3
1100820578582188032,Wed Feb 27 18:10:52 +0000 2019,megsbritt,616,1,0
1100820357034975238,Wed Feb 27 18:10:00 +0000 2019,PinedaLore,351,0,0
1100820119628976130,Wed Feb 27 18:09:03 +0000 2019,Armin1507,32,0,0
1100819525073862657,Wed Feb 27 18:06:41 +0000 2019,TidyVee,978,2,4
1100819373613182976,Wed Feb 27 18:06:05 +0000 2019,lil_teezan,296,0,0
1100819234219646976,Wed Feb 27 18:05:32 +0000 2019,freeitout,246,0,1
1100817823356600320,Wed Feb 27 17:59:55 +0000 2019,TheYoloar,326,0,2
1100817412751085568,Wed Feb 27 17:58:18 +0000 2019,ricktagious,2720,0,0
1100817191660867587,Wed Feb 27 17:57:25 +0000 2019,kohojunq,1172,120,0
1100817174401372165,Wed Feb 27 17:57:21 +0000 2019,kohojunq,1172,118,0
1100817165907910658,Wed Feb 27 17:57:19 +0000 2019,kohojunq,1172,207,0
1100817156877545472,Wed Feb 27 17:57:17 +0000 2019,kohojunq,1172,410,0
1100817128477917184,Wed Feb 27 17:57:10 +0000 2019,kohojunq,1172,178,0
1100817113416122368,Wed Feb 27 17:57:06 +0000 2019,kohojunq,1172,178,0
1100816689971765248,Wed Feb 27 17:55:25 +0000 2019,neBen2406,1009,0,0
1100816618182070272,Wed Feb 27 17:55:08 +0000 2019,iWill_Willu,277,0,0
1100816486896156678,Wed Feb 27 17:54:37 +0000 2019,therealsbjones,48224,1,0
1100814339831930880,Wed Feb 27 17:46:05 +0000 2019,yuntraining,2685,0,0
1100813666960715777,Wed Feb 27 17:43:24 +0000 2019,Natalia22640135,13,182,0
1100813344364056576,Wed Feb 27 17:42:08 +0000 2019,PincheAndy,631,0,1
1100812863768281088,Wed Feb 27 17:40:13 +0000 2019,xcountrybluex,96,182,0
1100812414965243906,Wed Feb 27 17:38:26 +0000 2019,wendynather,22019,2,0
1100811831872872449,Wed Feb 27 17:36:07 +0000 2019,lil_teezan,296,0,0
1100811715384492032,Wed Feb 27 17:35:39 +0000 2019,freeitout,246,0,0
1100811713912307714,Wed Feb 27 17:35:39 +0000 2019,japanesehotporn,15139,0,2
1100811524757692416,Wed Feb 27 17:34:54 +0000 2019,silly_stepherrs,375,0,0
1100810330731474944,Wed Feb 27 17:30:09 +0000 2019,MIREI14545166,28,32,0
1100810250922483713,Wed Feb 27 17:29:50 +0000 2019,nieva_evelin,110,182,0
1100810091534733314,Wed Feb 27 17:29:12 +0000 2019,LizetEvelyn,131,182,0
1100809853772083200,Wed Feb 27 17:28:15 +0000 2019,TinyTATARI,109,0,0
1100809169681055746,Wed Feb 27 17:25:32 +0000 2019,yuntraining,2685,0,0
1100808942031122432,Wed Feb 27 17:24:38 +0000 2019,geokiss,180,1,0
1100808653848920064,Wed Feb 27 17:23:29 +0000 2019,msBrandyWhite,651,0,0
1100807423705501697,Wed Feb 27 17:18:36 +0000 2019,auliarosii,766,0,0
1100807222525710336,Wed Feb 27 17:17:48 +0000 2019,i_am_ikong12,164,0,1
1100806854802923520,Wed Feb 27 17:16:20 +0000 2019,Hoek44Hoek,27,0,1
1100806365432500224,Wed Feb 27 17:14:24 +0000 2019,kbergy4,648,0,2
1100806225892163586,Wed Feb 27 17:13:50 +0000 2019,StudyEllie,17,0,1
1100806050519941121,Wed Feb 27 17:13:09 +0000 2019,xBFPJx,5,0,0
1100805157900689410,Wed Feb 27 17:09:36 +0000 2019,duosec,27482,2,2
1100804565383946242,Wed Feb 27 17:07:15 +0000 2019,takumi_reira,145,182,0
1100804142639984640,Wed Feb 27 17:05:34 +0000 2019,freeitout,246,0,0
1100803885655097344,Wed Feb 27 17:04:32 +0000 2019,Leanne_Parrett,5767,0,3
1100803487389110272,Wed Feb 27 17:02:57 +0000 2019,Osvadilsonlozzy,157,0,0
1100802991593000960,Wed Feb 27 17:00:59 +0000 2019,KarlaGonzalezz4,25,182,0
1100802884961210369,Wed Feb 27 17:00:34 +0000 2019,sunrisecopy,108,0,0
1100802145128013824,Wed Feb 27 16:57:37 +0000 2019,takingthekids,10304,0,2
1100801592331141121,Wed Feb 27 16:55:26 +0000 2019,LaurentPitre,234,0,1
1100801379709272064,Wed Feb 27 16:54:35 +0000 2019,paveshc,64,0,0
1100801309899280384,Wed Feb 27 16:54:18 +0000 2019,M0Chuisle,9543,0,0
1100801168123576320,Wed Feb 27 16:53:45 +0000 2019,wendynather,22019,2,0
1100798176179539969,Wed Feb 27 16:41:51 +0000 2019,chopangesthii,208,0,0
1100797414955315200,Wed Feb 27 16:38:50 +0000 2019,flashpunk,1230,0,0
1100796729211858944,Wed Feb 27 16:36:06 +0000 2019,lil_teezan,296,0,0
1100796609472823296,Wed Feb 27 16:35:38 +0000 2019,japanesehotporn,15139,0,1
1100796601663029249,Wed Feb 27 16:35:36 +0000 2019,freeitout,246,0,0
1100795014098178048,Wed Feb 27 16:29:17 +0000 2019,hafsa_montana,61,5,0
1100793634058756097,Wed Feb 27 16:23:48 +0000 2019,nanauyu8,39,207,0
1100792938395828228,Wed Feb 27 16:21:02 +0000 2019,bot_h11,101,2,0
1100792915746582530,Wed Feb 27 16:20:57 +0000 2019,BizTechMagazine,20890,2,2
1100792349985251330,Wed Feb 27 16:18:42 +0000 2019,NinjaJ3di,105,0,1
1100790872059363329,Wed Feb 27 16:12:50 +0000 2019,Santoslary3,2184,118,0
1100790438863216640,Wed Feb 27 16:11:06 +0000 2019,YoloPoe,53,0,0
1100790414351622146,Wed Feb 27 16:11:01 +0000 2019,jacksonpallas,15,0,0
1100789455210766336,Wed Feb 27 16:07:12 +0000 2019,MjCherpach,127,1,0
1100789408863670272,Wed Feb 27 16:07:01 +0000 2019,LGSomewhereMcK,3446,4,0
1100789173114433536,Wed Feb 27 16:06:05 +0000 2019,lil_teezan,296,0,0
1100789033276387328,Wed Feb 27 16:05:31 +0000 2019,freeitout,246,0,0
1100788759027683329,Wed Feb 27 16:04:26 +0000 2019,Tyjosaminos,452,4,0
1100787901678284800,Wed Feb 27 16:01:02 +0000 2019,Keeshaa_subha,137,4,0
1100787736053723136,Wed Feb 27 16:00:22 +0000 2019,ekkerviki,19,337,0
1100787705124933633,Wed Feb 27 16:00:15 +0000 2019,ekkerviki,19,389,0
1100787696077885440,Wed Feb 27 16:00:13 +0000 2019,ekkerviki,19,610,0
1100787688435798018,Wed Feb 27 16:00:11 +0000 2019,ekkerviki,19,261,0
1100787680626073600,Wed Feb 27 16:00:09 +0000 2019,ekkerviki,19,178,0
1100787671188865030,Wed Feb 27 16:00:07 +0000 2019,ekkerviki,19,178,0
1100787653996408839,Wed Feb 27 16:00:03 +0000 2019,ekkerviki,19,291,0
1100787635658854402,Wed Feb 27 15:59:58 +0000 2019,ekkerviki,19,207,0
1100787624762068992,Wed Feb 27 15:59:56 +0000 2019,ekkerviki,19,118,0
1100787616813854720,Wed Feb 27 15:59:54 +0000 2019,ekkerviki,19,120,0
1100785976132157440,Wed Feb 27 15:53:22 +0000 2019,jacderss,4294,182,0
1100785579040563200,Wed Feb 27 15:51:48 +0000 2019,bigru510,2003,2,0
1100785042400264193,Wed Feb 27 15:49:40 +0000 2019,tulanghijau,375,0,0
1100784246564835330,Wed Feb 27 15:46:30 +0000 2019,Randomg76943737,21,1,0
1100783802115411968,Wed Feb 27 15:44:44 +0000 2019,NiggahNews,1611,0,1
1100783049522991105,Wed Feb 27 15:41:45 +0000 2019,alvarovillahoz,1624,2,0
1100781633265852419,Wed Feb 27 15:36:07 +0000 2019,lil_teezan,296,0,0
1100781513530982400,Wed Feb 27 15:35:39 +0000 2019,freeitout,246,0,0
1100781498863575041,Wed Feb 27 15:35:35 +0000 2019,japanesehotporn,15139,0,1
1100781406186233858,Wed Feb 27 15:35:13 +0000 2019,missan822,1244,5,0
1100781357238607872,Wed Feb 27 15:35:01 +0000 2019,Tpstewart8,144,0,1
1100780689862025216,Wed Feb 27 15:32:22 +0000 2019,perrito_ct,186,1,4
1100780532244324352,Wed Feb 27 15:31:45 +0000 2019,sphsactivities,367,1,0
1100780133408014336,Wed Feb 27 15:30:09 +0000 2019,pinkinnie,1546,118,0
1100780115330547718,Wed Feb 27 15:30:05 +0000 2019,pinkinnie,1546,120,0
1100779769954746369,Wed Feb 27 15:28:43 +0000 2019,_anna_karine_,29,0,0
1100779009540014080,Wed Feb 27 15:25:42 +0000 2019,traderform,1193,1,1
1100777934585966592,Wed Feb 27 15:21:25 +0000 2019,NiggahNews,1611,0,0
1100775828043022336,Wed Feb 27 15:13:03 +0000 2019,L_013,46,0,0
1100775213346607104,Wed Feb 27 15:10:36 +0000 2019,MjCherpach,127,389,0
1100775205947899904,Wed Feb 27 15:10:35 +0000 2019,MjCherpach,127,610,0
1100775198847000576,Wed Feb 27 15:10:33 +0000 2019,MjCherpach,127,261,0
1100775191850831873,Wed Feb 27 15:10:31 +0000 2019,MjCherpach,127,178,0
1100775182346608641,Wed Feb 27 15:10:29 +0000 2019,MjCherpach,127,178,0
1100775161551155200,Wed Feb 27 15:10:24 +0000 2019,MjCherpach,127,291,0
1100774530275000322,Wed Feb 27 15:07:54 +0000 2019,Sir__F,6383,0,0
1100774074970603520,Wed Feb 27 15:06:05 +0000 2019,lil_teezan,296,0,0
1100773934566236166,Wed Feb 27 15:05:32 +0000 2019,freeitout,246,0,0
1100773590251831296,Wed Feb 27 15:04:09 +0000 2019,BelnGuzmn17,4,182,0
1100773334751428615,Wed Feb 27 15:03:09 +0000 2019,xshanaxkim,803,18,0
1100772915606417409,Wed Feb 27 15:01:29 +0000 2019,Flashpackcity,603,0,0
1100772227048529920,Wed Feb 27 14:58:44 +0000 2019,prettylisa90,162,0,1
1100772021586165761,Wed Feb 27 14:57:55 +0000 2019,cocoameister,1086,0,0
1100771897086828544,Wed Feb 27 14:57:26 +0000 2019,AshikokiQueen,11095,10,0
1100771593863790592,Wed Feb 27 14:56:13 +0000 2019,edgyconfusedbi,80,0,1
1100771475911528448,Wed Feb 27 14:55:45 +0000 2019,UrzagasteMagali,14,182,0
1100770331789189120,Wed Feb 27 14:51:13 +0000 2019,nazmimokhat,481,0,0
1100770315804717057,Wed Feb 27 14:51:09 +0000 2019,almadeliamart15,48,182,0
1100769871694987264,Wed Feb 27 14:49:23 +0000 2019,thedanielleism,84,0,0
1100769665712881670,Wed Feb 27 14:48:34 +0000 2019,W0Ify,401,2,0
1100769318508380160,Wed Feb 27 14:47:11 +0000 2019,K3nnyfr,966,2,3
1100768446315487233,Wed Feb 27 14:43:43 +0000 2019,WritersYour,129,0,0
1100768445199609856,Wed Feb 27 14:43:43 +0000 2019,ssheilyhs,827,3,0
1100767874061283329,Wed Feb 27 14:41:27 +0000 2019,YingMorales21,160,178,0
1100767851034497026,Wed Feb 27 14:41:21 +0000 2019,reihn_inseo,355,18,0
1100767849868607488,Wed Feb 27 14:41:21 +0000 2019,MakeGamesGA,316,0,0
1100767806801367042,Wed Feb 27 14:41:11 +0000 2019,YingMorales21,160,3,0
1100767772122861569,Wed Feb 27 14:41:02 +0000 2019,YingMorales21,160,1,0
1100767285130670080,Wed Feb 27 14:39:06 +0000 2019,reireibei,150,18,0
1100767232429154309,Wed Feb 27 14:38:54 +0000 2019,sachi_yuuki,109,18,0
1100767159884623872,Wed Feb 27 14:38:36 +0000 2019,Alfred_Rguez,1899,0,0
1100766996302565376,Wed Feb 27 14:37:57 +0000 2019,Claudia35478594,1,182,0
1100766545817538561,Wed Feb 27 14:36:10 +0000 2019,BK_106,351,0,23
1100766408869240833,Wed Feb 27 14:35:37 +0000 2019,freeitout,246,0,0
1100766380373159937,Wed Feb 27 14:35:30 +0000 2019,japanesehotporn,15139,0,1
1100764655645904897,Wed Feb 27 14:28:39 +0000 2019,BbFate421,168,18,0
1100764579829817344,Wed Feb 27 14:28:21 +0000 2019,uarvitzk,24,1,0
1100764546623553536,Wed Feb 27 14:28:13 +0000 2019,XhuniH,12,0,1
1100764498707677184,Wed Feb 27 14:28:02 +0000 2019,geintjes,1317,0,0
1100764472866680835,Wed Feb 27 14:27:56 +0000 2019,XhuniH,12,0,1
1100763992417550336,Wed Feb 27 14:26:01 +0000 2019,Droge_grappen,129807,0,1
1100763508868698113,Wed Feb 27 14:24:06 +0000 2019,jusanity,142,0,0
1100763193591382021,Wed Feb 27 14:22:51 +0000 2019,itsluisa_pas,112,0,1
1100763104315490304,Wed Feb 27 14:22:29 +0000 2019,crystarlia,99,0,2
1100761218560782336,Wed Feb 27 14:15:00 +0000 2019,BackcountryNC,9,0,0
1100761041137364992,Wed Feb 27 14:14:18 +0000 2019,jinujinuyeah,82,18,0
1100760585850023936,Wed Feb 27 14:12:29 +0000 2019,visit_trzic,180,0,1
1100760237538197504,Wed Feb 27 14:11:06 +0000 2019,YoloPoe,53,0,0
1100760090431254528,Wed Feb 27 14:10:31 +0000 2019,gog_shin,11567,1,10
1100759719658979328,Wed Feb 27 14:09:02 +0000 2019,heydin4444,108,18,0
1100759176844697602,Wed Feb 27 14:06:53 +0000 2019,silly_ahjumma,1307,18,0
1100758982044483584,Wed Feb 27 14:06:07 +0000 2019,lil_teezan,296,0,0
1100758873902727168,Wed Feb 27 14:05:41 +0000 2019,freeitout,246,0,0
1100757645294587904,Wed Feb 27 14:00:48 +0000 2019,azmddn,103,0,0
1100757641666514944,Wed Feb 27 14:00:47 +0000 2019,Irah22Angelike,474,18,0
1100756861274460163,Wed Feb 27 13:57:41 +0000 2019,Shanice_3795,275,0,3
1100756433623240707,Wed Feb 27 13:55:59 +0000 2019,The_Ledbetter,305,0,2
1100756189145714689,Wed Feb 27 13:55:01 +0000 2019,ZavalaBeida,26,182,0
1100755549157642245,Wed Feb 27 13:52:28 +0000 2019,rRIzEKtk0ybxb4b,20,2,0
1100754389445292032,Wed Feb 27 13:47:52 +0000 2019,army_affiliate,157,1,0
1100754294725210114,Wed Feb 27 13:47:29 +0000 2019,thoreu_eomma,471,18,0
1100754089900531720,Wed Feb 27 13:46:40 +0000 2019,ClowXP_,181,0,0
1100752478646071296,Wed Feb 27 13:40:16 +0000 2019,rlnnones,16,0,0
1100752273062322176,Wed Feb 27 13:39:27 +0000 2019,cheoleopseo,1946,18,0
1100751877354983424,Wed Feb 27 13:37:53 +0000 2019,elguzman,261,0,0
1100751433144487936,Wed Feb 27 13:36:07 +0000 2019,lil_teezan,296,0,0
1100751322507137024,Wed Feb 27 13:35:40 +0000 2019,freeitout,246,0,0
1100751272871772161,Wed Feb 27 13:35:29 +0000 2019,japanesehotporn,15139,0,1
1100751055501983745,Wed Feb 27 13:34:37 +0000 2019,Prongs_ebooks,52,0,0
1100751031502172161,Wed Feb 27 13:34:31 +0000 2019,takachan_music,228,5,0
1100751011247837184,Wed Feb 27 13:34:26 +0000 2019,ssheilyhs,827,11,0
1100750977072652289,Wed Feb 27 13:34:18 +0000 2019,BassNoUsan,1169,5,0
1100750971632640000,Wed Feb 27 13:34:17 +0000 2019,sorya23,463,0,0
1100750665746272259,Wed Feb 27 13:33:04 +0000 2019,wakazooon,1252,0,1
1100750067651112961,Wed Feb 27 13:30:41 +0000 2019,ongakueiji,32347,5,0
1100750009518051328,Wed Feb 27 13:30:27 +0000 2019,BassNoUsan,1169,5,0
1100749905642041344,Wed Feb 27 13:30:03 +0000 2019,maedox,107,0,0
1100749340983914497,Wed Feb 27 13:27:48 +0000 2019,BradKupiec,639,0,2
1100749307035164673,Wed Feb 27 13:27:40 +0000 2019,buteralipaa,844,118,0
1100749289427558400,Wed Feb 27 13:27:36 +0000 2019,buteralipaa,844,120,0
1100749043758579713,Wed Feb 27 13:26:37 +0000 2019,WSS_official_JP,1717,5,0
1100748901957525504,Wed Feb 27 13:26:03 +0000 2019,bashi_koba_y_ki,902,5,5
1100748133947138048,Wed Feb 27 13:23:00 +0000 2019,Waqas180,283,0,0
1100747777309474816,Wed Feb 27 13:21:35 +0000 2019,DJTheCoach,4460,0,0
1100747530650841088,Wed Feb 27 13:20:36 +0000 2019,bashi_koba_y_ki,902,5,5
1100747342075043842,Wed Feb 27 13:19:51 +0000 2019,aristemo_py,32,182,0
1100747066643566592,Wed Feb 27 13:18:46 +0000 2019,Tonkekum,109,0,1
1100746379628929027,Wed Feb 27 13:16:02 +0000 2019,TravelDivaNomad,5684,0,0
1100746190268837888,Wed Feb 27 13:15:17 +0000 2019,KDiamantopoulou,88,0,5
1100746154986389505,Wed Feb 27 13:15:08 +0000 2019,TcalvertRealtor,7,0,0
1100746103228641282,Wed Feb 27 13:14:56 +0000 2019,markandkylee,9894,4,0
1100746028054179840,Wed Feb 27 13:14:38 +0000 2019,iCanHash,3437,1,0
1100746014405713922,Wed Feb 27 13:14:35 +0000 2019,yosimarpulido,29,182,0
1100745671643082752,Wed Feb 27 13:13:13 +0000 2019,akivaelnick,66,0,1
1100744984318353412,Wed Feb 27 13:10:29 +0000 2019,HHLifestyleTrav,16531,4,0
1100744612833050624,Wed Feb 27 13:09:01 +0000 2019,einfreakinstein,6184,1,3
1100744268392542208,Wed Feb 27 13:07:39 +0000 2019,vm9in,2082,0,1
1100743888975814657,Wed Feb 27 13:06:08 +0000 2019,lil_teezan,296,0,0
1100743799947579392,Wed Feb 27 13:05:47 +0000 2019,freshmusicfreak,3162,0,0
1100743760403546114,Wed Feb 27 13:05:37 +0000 2019,RoadtripC,22724,4,0
1100743758788780034,Wed Feb 27 13:05:37 +0000 2019,freeitout,246,0,0
1100743702971146240,Wed Feb 27 13:05:24 +0000 2019,HeidiSiefkas,4750,4,15
1100742837962825729,Wed Feb 27 13:01:58 +0000 2019,1_civil_servant,28,0,0
1100742468184797185,Wed Feb 27 13:00:29 +0000 2019,EdWeirdKnows,264,0,1
1100741968659832832,Wed Feb 27 12:58:30 +0000 2019,eight2one,802,2,0
1100741858173407233,Wed Feb 27 12:58:04 +0000 2019,KOHAKU__BOY,0,410,0
1100739750145605632,Wed Feb 27 12:49:41 +0000 2019,Shruuu97,51,0,3
1100738795152896002,Wed Feb 27 12:45:54 +0000 2019,TehBossBitch,185,0,0
1100737560077393922,Wed Feb 27 12:40:59 +0000 2019,HeidiSiefkas,4750,0,2
1100736584855502849,Wed Feb 27 12:37:07 +0000 2019,lofigrant,2826,0,2
1100736330118574080,Wed Feb 27 12:36:06 +0000 2019,lil_teezan,296,0,0
1100736210350141440,Wed Feb 27 12:35:37 +0000 2019,freeitout,246,0,0
1100736163889872896,Wed Feb 27 12:35:26 +0000 2019,japanesehotporn,15139,0,1
1100735857474981888,Wed Feb 27 12:34:13 +0000 2019,DonnaJoyUsher,6702,0,0
1100735654982569984,Wed Feb 27 12:33:25 +0000 2019,IslandDreamTour,215,0,0
1100734919725047810,Wed Feb 27 12:30:30 +0000 2019,_kiloz,230,0,0
1100734371743461378,Wed Feb 27 12:28:19 +0000 2019,TinyTATARI,109,0,0
1100733867583987712,Wed Feb 27 12:26:19 +0000 2019,DonnaJoyCoach,4286,0,0
1100733705260290049,Wed Feb 27 12:25:40 +0000 2019,BamaRalph,180,0,1
1100733292989636610,Wed Feb 27 12:24:02 +0000 2019,Gaggo79,83,2,0
1100732664745607169,Wed Feb 27 12:21:32 +0000 2019,Landa_Yolo,1062,2,23
1100732251959160834,Wed Feb 27 12:19:54 +0000 2019,dolla_lashman,401,0,0
1100731691650482176,Wed Feb 27 12:17:40 +0000 2019,itsmeapolloo,372,1,0
1100729079186083840,Wed Feb 27 12:07:17 +0000 2019,itsmira,1317,0,0
1100729000068935680,Wed Feb 27 12:06:58 +0000 2019,rffakri,58,0,1
1100728883882668034,Wed Feb 27 12:06:31 +0000 2019,1913hilltop,9,73,0
1100728647533514753,Wed Feb 27 12:05:34 +0000 2019,freeitout,246,0,0
1100726588629442560,Wed Feb 27 11:57:23 +0000 2019,nicemarieee,544,0,9
1100725962612699136,Wed Feb 27 11:54:54 +0000 2019,doruhunny,103,610,0
1100725670529978369,Wed Feb 27 11:53:45 +0000 2019,stojmas,484,2,6
1100725670454407168,Wed Feb 27 11:53:44 +0000 2019,susyfansbr,128,182,0
1100725127564541952,Wed Feb 27 11:51:35 +0000 2019,Gyaraderpette,115,0,0
1100724984228376578,Wed Feb 27 11:51:01 +0000 2019,fgroa_n,405,0,0
1100724564663984128,Wed Feb 27 11:49:21 +0000 2019,doTerra_edu,2274,0,0
1100723685848203264,Wed Feb 27 11:45:51 +0000 2019,branky16,13,0,0
1100723033285611520,Wed Feb 27 11:43:16 +0000 2019,DJTheCoach,4460,0,1
1100722653743251456,Wed Feb 27 11:41:45 +0000 2019,uninformedRants,10,0,0
1100722142222733313,Wed Feb 27 11:39:43 +0000 2019,omarshibli,243,0,0
1100722130331885569,Wed Feb 27 11:39:40 +0000 2019,Osvadilsonlozzy,157,0,10
1100721638000209921,Wed Feb 27 11:37:43 +0000 2019,BKALLDAYENT,1207,0,0
1100721236831686656,Wed Feb 27 11:36:07 +0000 2019,lil_teezan,296,0,0
1100721057307156482,Wed Feb 27 11:35:25 +0000 2019,japanesehotporn,15139,0,1
1100720523414245376,Wed Feb 27 11:33:17 +0000 2019,jpetrovsky,130,0,0
1100718524232798209,Wed Feb 27 11:25:21 +0000 2019,Alex58783815,17,182,0
1100716074780295169,Wed Feb 27 11:15:37 +0000 2019,LauraYanetCoro4,75,182,0
1100715961043374085,Wed Feb 27 11:15:10 +0000 2019,VIGNATTIJEAMY,742,182,0
1100714035811573760,Wed Feb 27 11:07:31 +0000 2019,putteringlady,50,18,0
1100713830089252864,Wed Feb 27 11:06:42 +0000 2019,toucanata,45,0,1
1100713692050554880,Wed Feb 27 11:06:09 +0000 2019,lil_teezan,296,0,0
1100713584059809798,Wed Feb 27 11:05:43 +0000 2019,freeitout,246,0,0
1100712320672641024,Wed Feb 27 11:00:42 +0000 2019,BelleRosada,1047,0,0
1100712008230391808,Wed Feb 27 10:59:27 +0000 2019,mooysua,1432,337,0
1100710867144986624,Wed Feb 27 10:54:55 +0000 2019,LauraMcAfee1,572,0,0
1100710079274278915,Wed Feb 27 10:51:47 +0000 2019,ChiLORO___a24,75,15,0
1100709552155090944,Wed Feb 27 10:49:42 +0000 2019,cill_e,12,0,1
1100708181372616704,Wed Feb 27 10:44:15 +0000 2019,DonnaJoyCoach,4286,0,1
1100707100001517569,Wed Feb 27 10:39:57 +0000 2019,officialOlay,77150,2,0
1100706891024392193,Wed Feb 27 10:39:07 +0000 2019,Velial88,47,2,0
1100706663110107136,Wed Feb 27 10:38:13 +0000 2019,TitaniumMind,49,2,2
1100706008173764608,Wed Feb 27 10:35:37 +0000 2019,freeitout,246,0,0
1100705935188578304,Wed Feb 27 10:35:19 +0000 2019,japanesehotporn,15139,0,1
1100703125265108992,Wed Feb 27 10:24:09 +0000 2019,gelizetina,697,0,0
1100701294665306112,Wed Feb 27 10:16:53 +0000 2019,Herr_Nic,1883,0,0
1100701267247157248,Wed Feb 27 10:16:46 +0000 2019,tramlines,80097,1,0
1100701147956957184,Wed Feb 27 10:16:18 +0000 2019,seekthenews,379,2,0
1100699838855950338,Wed Feb 27 10:11:06 +0000 2019,YoloPoe,53,0,0
1100698579084013568,Wed Feb 27 10:06:05 +0000 2019,lil_teezan,296,0,0
1100698452642607104,Wed Feb 27 10:05:35 +0000 2019,freeitout,246,0,0
1100695267982991360,Wed Feb 27 09:52:56 +0000 2019,tatsuya_bmp,159,0,9
1100694688640552961,Wed Feb 27 09:50:38 +0000 2019,DJTheCoach,4460,0,0
1100694215548420096,Wed Feb 27 09:48:45 +0000 2019,aimxiv,1013,0,0
1100693495315075073,Wed Feb 27 09:45:53 +0000 2019,Jovan3018,0,0,1
1100693270739464192,Wed Feb 27 09:45:00 +0000 2019,TonyStrkFacts,1913,0,0
1100692268229578752,Wed Feb 27 09:41:01 +0000 2019,YoloLondonDesse,7,0,0
1100691368299716608,Wed Feb 27 09:37:26 +0000 2019,truenkle,188,0,4
1100691166566195201,Wed Feb 27 09:36:38 +0000 2019,liane128,103,0,1
1100690922172342272,Wed Feb 27 09:35:40 +0000 2019,freeitout,246,0,0
1100690830321364992,Wed Feb 27 09:35:18 +0000 2019,japanesehotporn,15139,0,1
1100690025967022080,Wed Feb 27 09:32:06 +0000 2019,TyOliver_Rawks,2048,0,2
1100689541365710848,Wed Feb 27 09:30:11 +0000 2019,jacqueaeiouh,72,0,0
1100688507423473665,Wed Feb 27 09:26:04 +0000 2019,ravjam,600,0,0
1100687476882984960,Wed Feb 27 09:21:58 +0000 2019,UTAU_ROXY,20,0,0
1100687429730676736,Wed Feb 27 09:21:47 +0000 2019,Yo0511Yo,48,15,0
1100687156396376064,Wed Feb 27 09:20:42 +0000 2019,brenda71513008,7,1,0
1100686671006314497,Wed Feb 27 09:18:46 +0000 2019,uninformedRants,10,0,0
1100684200779358208,Wed Feb 27 09:08:57 +0000 2019,Temytayo09,1275,0,0
1100683482294976513,Wed Feb 27 09:06:06 +0000 2019,lil_teezan,296,0,0
1100683359108268032,Wed Feb 27 09:05:37 +0000 2019,freeitout,246,0,0
1100683219912019975,Wed Feb 27 09:05:03 +0000 2019,gerardooortiz,450,0,2
1100682716570361856,Wed Feb 27 09:03:03 +0000 2019,recuperalarazon,873,182,0
1100682280354246656,Wed Feb 27 09:01:19 +0000 2019,znaynes,102,0,0
1100679720729858048,Wed Feb 27 08:51:09 +0000 2019,rimurimu_321,53,15,0
1100679676798926848,Wed Feb 27 08:50:59 +0000 2019,eme_efe_vee,258,0,0
1100679432484704257,Wed Feb 27 08:50:00 +0000 2019,fcreverbbh,601,0,1
1100679011372552194,Wed Feb 27 08:48:20 +0000 2019,BrownieSugar2,13,0,1
1100676164446752768,Wed Feb 27 08:37:01 +0000 2019,KdL1337,907,1,0
1100675931826352128,Wed Feb 27 08:36:06 +0000 2019,lil_teezan,296,0,0
1100675808832544768,Wed Feb 27 08:35:37 +0000 2019,freeitout,246,0,0
1100675756718321665,Wed Feb 27 08:35:24 +0000 2019,cheoleopseo,1946,18,18
1100675738175504385,Wed Feb 27 08:35:20 +0000 2019,carstenbreum,18704,1,0
1100675705392685056,Wed Feb 27 08:35:12 +0000 2019,japanesehotporn,15139,0,2
1100675014221811717,Wed Feb 27 08:32:27 +0000 2019,Boboernest1,28,0,1
1100674486309838848,Wed Feb 27 08:30:21 +0000 2019,aya_juliet,243,0,1
1100673097412284417,Wed Feb 27 08:24:50 +0000 2019,t_767,441,0,2
1100671882070839296,Wed Feb 27 08:20:00 +0000 2019,Announce420,3582,0,0
1100671802290913280,Wed Feb 27 08:19:41 +0000 2019,KevinKjizzle,599,0,0
1100671670195535872,Wed Feb 27 08:19:10 +0000 2019,franceindia2016,1945,9,0
1100670494410342401,Wed Feb 27 08:14:29 +0000 2019,animegakumagaya,508,0,0
1100670295076229122,Wed Feb 27 08:13:42 +0000 2019,ReineAfaka,63,4,0
1100669419720716289,Wed Feb 27 08:10:13 +0000 2019,GuyExcited,1343,2,0
1100669042413563904,Wed Feb 27 08:08:43 +0000 2019,moldykale,75,1,0
1100668999778545664,Wed Feb 27 08:08:33 +0000 2019,OmarValadez16,8,1,0
1100668948683534336,Wed Feb 27 08:08:21 +0000 2019,mochidaehyeon,307,337,0
1100668382880268288,Wed Feb 27 08:06:06 +0000 2019,lil_teezan,296,0,0
1100668272628748288,Wed Feb 27 08:05:40 +0000 2019,freeitout,246,0,0
1100668061735018496,Wed Feb 27 08:04:49 +0000 2019,thedanielleism,84,0,0
1100667854079156224,Wed Feb 27 08:04:00 +0000 2019,wenjunfly,39,120,0
1100667841559195649,Wed Feb 27 08:03:57 +0000 2019,wenjunfly,39,118,0
1100666443266383873,Wed Feb 27 07:58:24 +0000 2019,DJTheCoach,4460,0,0
1100666429626634240,Wed Feb 27 07:58:20 +0000 2019,DubaiDeals1,74,2,0
1100665747376721920,Wed Feb 27 07:55:38 +0000 2019,hyun_liu,33,0,0
1100664958323281921,Wed Feb 27 07:52:30 +0000 2019,ChiLORO___a24,75,11,0
1100664817289900037,Wed Feb 27 07:51:56 +0000 2019,lpetitt50,1304,14,0
1100664552147038209,Wed Feb 27 07:50:53 +0000 2019,FilipFritz1,1003,2,1
1100662482564251648,Wed Feb 27 07:42:39 +0000 2019,kxgyeol,668,410,0
1100661728864391168,Wed Feb 27 07:39:40 +0000 2019,Pakay20,374,2,0
1100661451092561921,Wed Feb 27 07:38:33 +0000 2019,PacolinoSoiral,8882,9,0
1100660986011439104,Wed Feb 27 07:36:43 +0000 2019,vrenanan,4379,9,0
1100660920337006592,Wed Feb 27 07:36:27 +0000 2019,aunclemgwabi,28,1,9
1100660836874375169,Wed Feb 27 07:36:07 +0000 2019,lil_teezan,296,0,0
1100660724366434304,Wed Feb 27 07:35:40 +0000 2019,freeitout,246,0,0
1100660599552335872,Wed Feb 27 07:35:10 +0000 2019,japanesehotporn,15139,0,1
1100659671122223104,Wed Feb 27 07:31:29 +0000 2019,CallSaulUS,175,2,0
1100658750950727680,Wed Feb 27 07:27:50 +0000 2019,Babylon13069202,4522,9,0
1100658681916444672,Wed Feb 27 07:27:33 +0000 2019,Alisson42385725,32,182,0
1100658434368712704,Wed Feb 27 07:26:34 +0000 2019,DonnaJoyCoach,4286,2,1
1100658072446324736,Wed Feb 27 07:25:08 +0000 2019,Dev7Vatsa,127,1,0
1100658020663517185,Wed Feb 27 07:24:56 +0000 2019,rimurimu_321,53,11,0
1100657542487629824,Wed Feb 27 07:23:02 +0000 2019,boomapp,2681,1,4
1100654384747347968,Wed Feb 27 07:10:29 +0000 2019,FilipFritz1,1003,0,0
1100654089166381057,Wed Feb 27 07:09:18 +0000 2019,thedanielleism,84,0,0
1100653587229798400,Wed Feb 27 07:07:19 +0000 2019,bitterchickey,233,0,0
1100653287240396800,Wed Feb 27 07:06:07 +0000 2019,lil_teezan,296,0,0
1100653180810084352,Wed Feb 27 07:05:42 +0000 2019,meedo_solid,535,0,0
1100653161822351360,Wed Feb 27 07:05:37 +0000 2019,freeitout,246,0,0
1100652981438107650,Wed Feb 27 07:04:54 +0000 2019,thedanielleism,84,0,0
1100651501297590277,Wed Feb 27 06:59:01 +0000 2019,Maguito14Mv,25,182,0
1100650064765165570,Wed Feb 27 06:53:19 +0000 2019,JonErik73,533,0,1
1100647966254219270,Wed Feb 27 06:44:58 +0000 2019,Irisplicata,657,0,4
1100647300492419072,Wed Feb 27 06:42:20 +0000 2019,Gabriel62192581,9,182,0
1100645730291658752,Wed Feb 27 06:36:05 +0000 2019,lil_teezan,296,0,0
1100645668425744384,Wed Feb 27 06:35:51 +0000 2019,inurhamper,2,0,0
1100645609302716416,Wed Feb 27 06:35:36 +0000 2019,freeitout,246,0,0
1100645488649371648,Wed Feb 27 06:35:08 +0000 2019,japanesehotporn,15139,0,1
1100645225607892995,Wed Feb 27 06:34:05 +0000 2019,Pinedast_HR,228,2,0
1100644597921808384,Wed Feb 27 06:31:35 +0000 2019,leksono_duto,32,1,0
1100644197432868864,Wed Feb 27 06:30:00 +0000 2019,MNCupdate,128765,1,2
1100643020079288320,Wed Feb 27 06:25:19 +0000 2019,Loibist,191,0,0
1100642909202931717,Wed Feb 27 06:24:53 +0000 2019,Angelicas012,418,0,6
1100640194737299456,Wed Feb 27 06:14:05 +0000 2019,AnnahPereira4,0,0,0
1100640135245385729,Wed Feb 27 06:13:51 +0000 2019,KroValeria,814,0,1
1100638766006337536,Wed Feb 27 06:08:25 +0000 2019,DonnaJoyCoach,4286,0,1
1100638203868893184,Wed Feb 27 06:06:11 +0000 2019,cjotaylor,583,0,0
1100638184008867840,Wed Feb 27 06:06:06 +0000 2019,lil_teezan,296,0,0
1100638053549240320,Wed Feb 27 06:05:35 +0000 2019,freeitout,246,0,0
1100637449326395392,Wed Feb 27 06:03:11 +0000 2019,hzrockgunsnros1,100,182,0
1100637196170649601,Wed Feb 27 06:02:11 +0000 2019,YarbroWare,3,0,0
1100636350645100544,Wed Feb 27 05:58:49 +0000 2019,cjotaylor,583,0,0
1100635326060613632,Wed Feb 27 05:54:45 +0000 2019,chanbouace,124,0,0
1100632257641963520,Wed Feb 27 05:42:33 +0000 2019,DJTheCoach,4460,0,0
1100632071091871744,Wed Feb 27 05:41:49 +0000 2019,21jnx,74,0,0
1100631601770360832,Wed Feb 27 05:39:57 +0000 2019,MeemeeCisco,236,0,0
1100631166581948420,Wed Feb 27 05:38:13 +0000 2019,99aches,2196,337,0
1100631160508448768,Wed Feb 27 05:38:12 +0000 2019,Aristemo_Amor,86,182,0
1100630522810687488,Wed Feb 27 05:35:40 +0000 2019,freeitout,246,0,0
1100630367319388160,Wed Feb 27 05:35:02 +0000 2019,japanesehotporn,15139,0,2
1100629127751585793,Wed Feb 27 05:30:07 +0000 2019,japanesehotporn,15139,0,1
1100628725295529984,Wed Feb 27 05:28:31 +0000 2019,DSthefangirl,257,182,0
1100628288836268035,Wed Feb 27 05:26:47 +0000 2019,DonnaJoyUsher,6702,0,0
1100627781824610304,Wed Feb 27 05:24:46 +0000 2019,yolofarmernz,235,0,4
1100627189953974272,Wed Feb 27 05:22:25 +0000 2019,Jessica18989985,25,182,0
1100626702257061889,Wed Feb 27 05:20:29 +0000 2019,brisastars24,290,182,0
1100626481468690432,Wed Feb 27 05:19:36 +0000 2019,chelseastedry,174,0,1
1100626000919044096,Wed Feb 27 05:17:41 +0000 2019,Adii_Nolasco,103,182,0
1100625816218685440,Wed Feb 27 05:16:57 +0000 2019,ReGI03810907,104,182,0
1100624921137422336,Wed Feb 27 05:13:24 +0000 2019,StockTipRobot,708,0,0
1100624643256451074,Wed Feb 27 05:12:18 +0000 2019,Indiawandersoff,489,1,0
1100624450016432128,Wed Feb 27 05:11:32 +0000 2019,allie_gardiner,573,0,6
1100624322232750081,Wed Feb 27 05:11:01 +0000 2019,KarenWainie,158,0,0
1100624030925651968,Wed Feb 27 05:09:52 +0000 2019,Fer_Ortiz33,33,182,0
1100623213602603009,Wed Feb 27 05:06:37 +0000 2019,Manisha_Kolkata,211,1,3
1100623088306216961,Wed Feb 27 05:06:07 +0000 2019,lil_teezan,296,0,0
1100622984467775488,Wed Feb 27 05:05:42 +0000 2019,freeitout,246,0,0
1100622962737188866,Wed Feb 27 05:05:37 +0000 2019,akivaelnick,66,0,3
1100622878800719872,Wed Feb 27 05:05:17 +0000 2019,MagalyM82605861,5,182,0
1100621515299741696,Wed Feb 27 04:59:52 +0000 2019,JipeLeloup,1263,9,0
1100620252273041408,Wed Feb 27 04:54:51 +0000 2019,Sharma9Vikram,280,0,0
1100619529594363905,Wed Feb 27 04:51:59 +0000 2019,Kaaggs,414,6,0
1100618999191257089,Wed Feb 27 04:49:52 +0000 2019,SCoup_Detat,233,291,0
1100618039819530243,Wed Feb 27 04:46:03 +0000 2019,ajshreim,416,0,0
1100617891135873025,Wed Feb 27 04:45:28 +0000 2019,chineseyes_,439,0,0
1100617177051422720,Wed Feb 27 04:42:38 +0000 2019,billymacmason,545,0,2
1100617171284176896,Wed Feb 27 04:42:36 +0000 2019,abdiel_aristemo,168,182,0
1100616772019838977,Wed Feb 27 04:41:01 +0000 2019,ultsnuper,132,207,0
1100616353722048513,Wed Feb 27 04:39:21 +0000 2019,clarecondon3,101,9,0
1100615628895993856,Wed Feb 27 04:36:29 +0000 2019,LdOptimistes,12092,9,0
1100615593319849984,Wed Feb 27 04:36:20 +0000 2019,jindeleon,30,0,0
1100615532842123265,Wed Feb 27 04:36:06 +0000 2019,lil_teezan,296,0,0
1100615424574599168,Wed Feb 27 04:35:40 +0000 2019,singgenatalah,21,0,1
1100615413870690304,Wed Feb 27 04:35:37 +0000 2019,freeitout,246,0,0
1100615250456518657,Wed Feb 27 04:34:58 +0000 2019,japanesehotporn,15139,0,3
1100615042997731328,Wed Feb 27 04:34:09 +0000 2019,BeBraveMyLoves,949,20,0
1100614806468546560,Wed Feb 27 04:33:12 +0000 2019,WritersYour,129,0,0
1100614706010574849,Wed Feb 27 04:32:49 +0000 2019,beelboard,422,118,0
1100614618651807746,Wed Feb 27 04:32:28 +0000 2019,mirigol,4604,182,0
1100614601547206656,Wed Feb 27 04:32:24 +0000 2019,tabarak_l4,76,410,0
1100614540943753216,Wed Feb 27 04:32:09 +0000 2019,trishtosterone,168,0,0
1100614404444311552,Wed Feb 27 04:31:37 +0000 2019,KoGsCM,28,0,0
1100614199913447424,Wed Feb 27 04:30:48 +0000 2019,KelliChunn,3004,0,0
1100614152035422209,Wed Feb 27 04:30:36 +0000 2019,camilloramirez,485,0,0
1100613943435935749,Wed Feb 27 04:29:47 +0000 2019,ARISTEM84726197,17,182,0
1100613354781962240,Wed Feb 27 04:27:26 +0000 2019,YorchKetchup,252,0,1
1100613121499193345,Wed Feb 27 04:26:31 +0000 2019,BuildaLibrary,1333,0,0
1100613021393657857,Wed Feb 27 04:26:07 +0000 2019,YarentziMairim2,59,182,0
1100612163201392652,Wed Feb 27 04:22:42 +0000 2019,User_13Ts,518,182,0
1100612069508829184,Wed Feb 27 04:22:20 +0000 2019,ryu_sa9wn_lna,73,2,0
1100610614014160897,Wed Feb 27 04:16:33 +0000 2019,cupran_louis,49,182,0
1100610230667247616,Wed Feb 27 04:15:01 +0000 2019,CiaoBambino,14400,0,2
1100609678965231616,Wed Feb 27 04:12:50 +0000 2019,trei_juntae,101,118,0
1100609486216093697,Wed Feb 27 04:12:04 +0000 2019,trei_juntae,101,120,0
1100609243802148865,Wed Feb 27 04:11:06 +0000 2019,YoloPoe,53,0,0
1100609238274109440,Wed Feb 27 04:11:05 +0000 2019,ErickAzuara4,58,0,0
1100609139208830976,Wed Feb 27 04:10:41 +0000 2019,canamKim,38,0,0
1100608719111352320,Wed Feb 27 04:09:01 +0000 2019,sky__hinaaa,95,0,0
1100608359068303360,Wed Feb 27 04:07:35 +0000 2019,puggist,447,0,0
1100608264734167041,Wed Feb 27 04:07:13 +0000 2019,martin_rc17,295,182,0
1100608039617466369,Wed Feb 27 04:06:19 +0000 2019,kibumswig,150,207,0
1100607986165141504,Wed Feb 27 04:06:06 +0000 2019,lil_teezan,296,0,0
1100607873267236864,Wed Feb 27 04:05:39 +0000 2019,shay_enn,50,5,0
1100607853465788416,Wed Feb 27 04:05:35 +0000 2019,freeitout,246,0,0
1100606663999000578,Wed Feb 27 04:00:51 +0000 2019,Michell16100773,21,182,0
1100606490078003202,Wed Feb 27 04:00:10 +0000 2019,BelleRosada,1047,0,0
1100606141371953153,Wed Feb 27 03:58:47 +0000 2019,KatiaOchoaAndr1,44,182,0
1100606009628860416,Wed Feb 27 03:58:15 +0000 2019,LunAVun7,170,0,0
1100605618849746946,Wed Feb 27 03:56:42 +0000 2019,SpockDaily,119,0,1
1100605555851223040,Wed Feb 27 03:56:27 +0000 2019,Itzell_Biebs,1113,182,0
1100605465535365120,Wed Feb 27 03:56:05 +0000 2019,Vi119,14,182,0
1100605019433385991,Wed Feb 27 03:54:19 +0000 2019,yare_cornejo,28,182,0
1100604179146510337,Wed Feb 27 03:50:59 +0000 2019,MelchorJessy,25,182,0
1100604134728728576,Wed Feb 27 03:50:48 +0000 2019,shaishineeworld,532,389,0
1100604112725409792,Wed Feb 27 03:50:43 +0000 2019,shaishineeworld,532,610,0
1100604092877922305,Wed Feb 27 03:50:38 +0000 2019,shaishineeworld,532,261,0
1100604065770221568,Wed Feb 27 03:50:32 +0000 2019,shaishineeworld,532,178,0
1100604046669340672,Wed Feb 27 03:50:27 +0000 2019,shaishineeworld,532,178,0
1100604026394009600,Wed Feb 27 03:50:22 +0000 2019,shaishineeworld,532,291,0
1100604006349656064,Wed Feb 27 03:50:18 +0000 2019,_alisson0213,6,182,0
1100603979816259584,Wed Feb 27 03:50:11 +0000 2019,shaishineeworld,532,410,0
1100603938737451013,Wed Feb 27 03:50:01 +0000 2019,B93Jon,179,182,0
1100603898941722625,Wed Feb 27 03:49:52 +0000 2019,shaishineeworld,532,207,0
1100603863508254721,Wed Feb 27 03:49:43 +0000 2019,shaishineeworld,532,118,0
1100603841760890883,Wed Feb 27 03:49:38 +0000 2019,Angel__Ro,60,182,0
1100603835158999041,Wed Feb 27 03:49:37 +0000 2019,shaishineeworld,532,120,0
1100603800774004736,Wed Feb 27 03:49:28 +0000 2019,shaishineeworld,532,337,0
1100603693211082753,Wed Feb 27 03:49:03 +0000 2019,ashleyzwickeryo,551,0,1
1100603456828502016,Wed Feb 27 03:48:06 +0000 2019,crislyne,117,0,0
1100603245469319168,Wed Feb 27 03:47:16 +0000 2019,Vika_chan2,28,182,0
1100602019709153282,Wed Feb 27 03:42:24 +0000 2019,Lily64676041,136,182,0
1100602014839525376,Wed Feb 27 03:42:23 +0000 2019,KarinaC11658209,5,182,0
1100601777903292417,Wed Feb 27 03:41:26 +0000 2019,ar_istemo,164,182,0
1100601654393692160,Wed Feb 27 03:40:57 +0000 2019,MdoKati,61,182,0
1100601041672957952,Wed Feb 27 03:38:31 +0000 2019,ECNSEGDL,438,182,0
1100600443883933696,Wed Feb 27 03:36:08 +0000 2019,lil_teezan,296,0,0
1100600324857810946,Wed Feb 27 03:35:40 +0000 2019,freeitout,246,0,0
1100600243698061313,Wed Feb 27 03:35:20 +0000 2019,oMISUNDERSTOODo,2771,0,0
1100600142992879616,Wed Feb 27 03:34:56 +0000 2019,japanesehotporn,15139,0,3
1100599817062019072,Wed Feb 27 03:33:39 +0000 2019,Alexand08783406,14,182,0
1100599115199635458,Wed Feb 27 03:30:51 +0000 2019,kjhgfx1,309,0,0
1100598927600963585,Wed Feb 27 03:30:07 +0000 2019,Rock2345611,27,0,0
1100598593742913537,Wed Feb 27 03:28:47 +0000 2019,Joenikev,91,182,0
1100598222089871360,Wed Feb 27 03:27:18 +0000 2019,melara_melania,275,182,0
1100598151591845888,Wed Feb 27 03:27:02 +0000 2019,lord_hallow,130,182,0
1100597487054643200,Wed Feb 27 03:24:23 +0000 2019,hypothetic_life,154,0,0
1100597453424865281,Wed Feb 27 03:24:15 +0000 2019,faristemo_MX,22,182,0
1100597215515549697,Wed Feb 27 03:23:18 +0000 2019,BlancaT19624030,256,182,0
1100597139359625216,Wed Feb 27 03:23:00 +0000 2019,jimjbeat,2109,0,0
1100596911889924096,Wed Feb 27 03:22:06 +0000 2019,ValOseguera,181,0,8
1100596820844167168,Wed Feb 27 03:21:44 +0000 2019,JohnnySlivers,441,0,0
1100596641852059648,Wed Feb 27 03:21:02 +0000 2019,SabrLeSinge,266,5,0
1100596598063607809,Wed Feb 27 03:20:51 +0000 2019,Dalia_AMC,254,182,0
1100596569265459200,Wed Feb 27 03:20:44 +0000 2019,andrichi22,17,182,0
1100596527624585217,Wed Feb 27 03:20:34 +0000 2019,CallSaulUS,175,1,0
1100596493998743552,Wed Feb 27 03:20:26 +0000 2019,orange_523_day,23,120,0
1100596297483145216,Wed Feb 27 03:19:40 +0000 2019,_HTashUP,3363,1,0
1100595965264723968,Wed Feb 27 03:18:20 +0000 2019,DogInMeguro,177,7,0
1100595680429686784,Wed Feb 27 03:17:12 +0000 2019,JaioPhotography,43,1,0
1100595532920209409,Wed Feb 27 03:16:37 +0000 2019,ptitrebeuu,1574,5,0
1100595432823185411,Wed Feb 27 03:16:13 +0000 2019,flow430,65,5,4
1100595418377977856,Wed Feb 27 03:16:10 +0000 2019,angelaaamed,173,0,0
1100595179474440192,Wed Feb 27 03:15:13 +0000 2019,DonnaJoyUsher,6702,1,1
1100595147916693506,Wed Feb 27 03:15:05 +0000 2019,japanesehotporn,15139,0,1
1100594884023668736,Wed Feb 27 03:14:03 +0000 2019,maLditatokz14,215,0,0
1100594585821159424,Wed Feb 27 03:12:51 +0000 2019,hypothetical6,160,0,0
1100594260187979776,Wed Feb 27 03:11:34 +0000 2019,AristemoAnonimo,47,182,0
1100594077362458626,Wed Feb 27 03:10:50 +0000 2019,JuanJaramilloOr,211,182,0
1100594041325010944,Wed Feb 27 03:10:42 +0000 2019,ydanna_banana,373,0,11
1100593918427713536,Wed Feb 27 03:10:12 +0000 2019,Temoismybaby,295,182,0
1100593440092389377,Wed Feb 27 03:08:18 +0000 2019,Kristie_ruiz,233,0,0
1100592995630342146,Wed Feb 27 03:06:32 +0000 2019,ryohgi78,398,7,0
1100592767732899841,Wed Feb 27 03:05:38 +0000 2019,freeitout,246,0,0
1100592532768075777,Wed Feb 27 03:04:42 +0000 2019,JacquesMercier,48696,9,38
1100592483300462593,Wed Feb 27 03:04:30 +0000 2019,Moetron2k,76,0,1
1100592437033164801,Wed Feb 27 03:04:19 +0000 2019,justmythiqthots,334,0,1
1100592413456850944,Wed Feb 27 03:04:14 +0000 2019,ConstanteJohana,35,182,0
1100591674185707520,Wed Feb 27 03:01:17 +0000 2019,hansolcanvas,729,118,0
1100591663175602176,Wed Feb 27 03:01:15 +0000 2019,hansolcanvas,729,120,0
1100591495743197184,Wed Feb 27 03:00:35 +0000 2019,StefanieDCP,5733,1,11
1100591292130775040,Wed Feb 27 02:59:46 +0000 2019,LizRome84855488,34,182,0
1100590961661542401,Wed Feb 27 02:58:27 +0000 2019,AmbitarBoschet1,47,182,0
1100590404733415424,Wed Feb 27 02:56:15 +0000 2019,7u7Al,81,182,0
1100589297642729473,Wed Feb 27 02:51:51 +0000 2019,aristemoon,3845,182,0
1100588886764503040,Wed Feb 27 02:50:13 +0000 2019,TheRealR_e_e,1912,0,0
1100588774352871425,Wed Feb 27 02:49:46 +0000 2019,TmiBondoni,1034,182,0
1100588717767647237,Wed Feb 27 02:49:32 +0000 2019,CatalinaCanela1,165,182,0
1100588396290949120,Wed Feb 27 02:48:16 +0000 2019,AbyArangoVillaB,674,182,0
1100588117411672064,Wed Feb 27 02:47:09 +0000 2019,meagannhill,160,0,7
1100587862804910080,Wed Feb 27 02:46:09 +0000 2019,made_inmariel01,440,182,0
1100587715312013312,Wed Feb 27 02:45:33 +0000 2019,FeedMeTacosPlz,123,68,0
1100587482956161024,Wed Feb 27 02:44:38 +0000 2019,CristyDelalv,1782,182,0
1100587359777652736,Wed Feb 27 02:44:09 +0000 2019,DJTheCoach,4460,0,0
1100587322276483072,Wed Feb 27 02:44:00 +0000 2019,natalyguevara22,67,182,0
1100586995011616768,Wed Feb 27 02:42:42 +0000 2019,LizethR54428288,10,182,0
1100586979882926080,Wed Feb 27 02:42:38 +0000 2019,nathalyortizmar,172,182,0
1100586840619470850,Wed Feb 27 02:42:05 +0000 2019,xIouangelx,1656,182,0
1100586694783447040,Wed Feb 27 02:41:30 +0000 2019,LeeVanPut,476,0,0
1100586591658094593,Wed Feb 27 02:41:06 +0000 2019,Hi_Loco_Girl,761,0,1
1100586587124043776,Wed Feb 27 02:41:04 +0000 2019,aristemostodos,130,182,0
1100586467523477505,Wed Feb 27 02:40:36 +0000 2019,MayraEs92238598,86,182,0
1100586402717360129,Wed Feb 27 02:40:20 +0000 2019,tw0hesgh0sts,1745,182,0
1100585895030329344,Wed Feb 27 02:38:19 +0000 2019,Leslie68853278,8,182,0
1100585797500260352,Wed Feb 27 02:37:56 +0000 2019,topherhart,601,20,0
1100585720618594304,Wed Feb 27 02:37:38 +0000 2019,kazumi_magic_go,164,0,2
1100585694064304128,Wed Feb 27 02:37:32 +0000 2019,cndy_bons,360,182,0
1100585371447029760,Wed Feb 27 02:36:15 +0000 2019,proudofemilio,501,182,0
1100585337296904192,Wed Feb 27 02:36:06 +0000 2019,lil_teezan,296,0,0
1100585212763750401,Wed Feb 27 02:35:37 +0000 2019,freeitout,246,0,0
1100585152579817472,Wed Feb 27 02:35:22 +0000 2019,Fernanda575Herr,155,182,0
1100585130001784832,Wed Feb 27 02:35:17 +0000 2019,rockin_rd_trip,38,0,0
1100585118601744384,Wed Feb 27 02:35:14 +0000 2019,_nanny_x,624,182,0
1100585049009737728,Wed Feb 27 02:34:58 +0000 2019,kazumi_magic_go,164,0,1
1100585038104543232,Wed Feb 27 02:34:55 +0000 2019,LaraParkByun,104,182,0
1100585027643990016,Wed Feb 27 02:34:53 +0000 2019,japanesehotporn,15139,0,1
1100585018332667904,Wed Feb 27 02:34:50 +0000 2019,miguelmoralesso,0,182,0
1100584972589641728,Wed Feb 27 02:34:40 +0000 2019,Maddy77293678,48,182,0
1100584935969050624,Wed Feb 27 02:34:31 +0000 2019,jKuoVtPR0Wk4TPi,0,120,0
1100584911897935872,Wed Feb 27 02:34:25 +0000 2019,jKuoVtPR0Wk4TPi,0,118,0
1100584797397606400,Wed Feb 27 02:33:58 +0000 2019,aristemo_jess,49,182,0
1100584778846425088,Wed Feb 27 02:33:53 +0000 2019,GiveliT,25,182,0
1100584753521152001,Wed Feb 27 02:33:47 +0000 2019,_naty08_,139,182,0
1100584608800952322,Wed Feb 27 02:33:13 +0000 2019,Loredeemiosorio,3,182,0
1100584562827108354,Wed Feb 27 02:33:02 +0000 2019,Agustin90052885,8,182,0
1100584496112590848,Wed Feb 27 02:32:46 +0000 2019,EEquivoca,101,182,0
1100584393553240064,Wed Feb 27 02:32:21 +0000 2019,unidosaristemo,52,182,0
1100584320568180736,Wed Feb 27 02:32:04 +0000 2019,MarianaAmador_r,1895,182,0
1100584215417114626,Wed Feb 27 02:31:39 +0000 2019,ithnkweredoomed,1574,182,0
1100584065000849408,Wed Feb 27 02:31:03 +0000 2019,PatoCastillofic,4154,182,681
1100583377306976257,Wed Feb 27 02:28:19 +0000 2019,TinyTATARI,109,0,0
1100583223975907329,Wed Feb 27 02:27:43 +0000 2019,Thattt1Teacher,1100,0,1
1100582281918468097,Wed Feb 27 02:23:58 +0000 2019,eRepilloza,836,0,1
1100580030722170880,Wed Feb 27 02:15:01 +0000 2019,rockin_rd_trip,38,0,0
1100579365426003968,Wed Feb 27 02:12:23 +0000 2019,sleepingpalaye,362,4,0
1100577916390232065,Wed Feb 27 02:06:37 +0000 2019,jinxeptor,919,7,0
1100577789156028417,Wed Feb 27 02:06:07 +0000 2019,lil_teezan,296,0,0
1100577671833018368,Wed Feb 27 02:05:39 +0000 2019,freeitout,246,0,0
1100576564285239296,Wed Feb 27 02:01:15 +0000 2019,brnjas_jonathan,93,0,1
1100576238995816448,Wed Feb 27 01:59:57 +0000 2019,FAIRYLEEHYG0511,11,120,0
1100576193118498816,Wed Feb 27 01:59:46 +0000 2019,FAIRYLEEHYG0511,11,118,0
1100576116413128704,Wed Feb 27 01:59:28 +0000 2019,zrznn96,229,120,0
1100575200326881280,Wed Feb 27 01:55:50 +0000 2019,byunminseok_,108,118,0
1100574139054809089,Wed Feb 27 01:51:37 +0000 2019,HeidiSiefkas,4750,0,4
1100571837627490305,Wed Feb 27 01:42:28 +0000 2019,aerynrocks1,106,0,0
1100571526506528768,Wed Feb 27 01:41:14 +0000 2019,rockin_rd_trip,38,0,0
1100570249466863616,Wed Feb 27 01:36:09 +0000 2019,DJTheCoach,4460,0,0
1100570124245819392,Wed Feb 27 01:35:39 +0000 2019,freeitout,246,0,0
1100569910474727424,Wed Feb 27 01:34:48 +0000 2019,japanesehotporn,15139,0,2
1100569367274762241,Wed Feb 27 01:32:39 +0000 2019,Francis07911675,1,0,1
1100566834158305280,Wed Feb 27 01:22:35 +0000 2019,vagorithm,6247,0,0
1100566301456519168,Wed Feb 27 01:20:28 +0000 2019,vagorithm,6247,0,0
1100565418685587457,Wed Feb 27 01:16:57 +0000 2019,buttercupprinc5,2,0,0
1100565093446807552,Wed Feb 27 01:15:40 +0000 2019,CallSaulUS,175,1,0
1100564945090109440,Wed Feb 27 01:15:05 +0000 2019,msBrandyWhite,651,0,0
1100564941197631489,Wed Feb 27 01:15:04 +0000 2019,japanesehotporn,15139,0,1
1100564793038008320,Wed Feb 27 01:14:28 +0000 2019,TARTGEMART,10,7,0
1100563745204506624,Wed Feb 27 01:10:18 +0000 2019,geokiss,180,1,1
1100563612106579969,Wed Feb 27 01:09:47 +0000 2019,nerdynagwon,9,118,0
1100563480460120065,Wed Feb 27 01:09:15 +0000 2019,cervantes_mon,310,0,1
1100562688432758785,Wed Feb 27 01:06:07 +0000 2019,lil_teezan,296,0,0
1100562560791719938,Wed Feb 27 01:05:36 +0000 2019,freeitout,246,0,0
1100562496883089409,Wed Feb 27 01:05:21 +0000 2019,BuuuuChiieeeeXa,38,7,0
1100562446282940416,Wed Feb 27 01:05:09 +0000 2019,HennaBySalma,101,0,0
1100562436879306752,Wed Feb 27 01:05:07 +0000 2019,WorkaholicHouse,714,1,4
1100562319971500032,Wed Feb 27 01:04:39 +0000 2019,DonnaJoyCoach,4286,1,1
1100561809591947264,Wed Feb 27 01:02:37 +0000 2019,Eberlestock,1076,20,0
1100561405210779653,Wed Feb 27 01:01:01 +0000 2019,sapphicmess20,1089,610,0
1100559569519038465,Wed Feb 27 00:53:43 +0000 2019,iamQueenHugo,270,0,0
1100559114713878529,Wed Feb 27 00:51:55 +0000 2019,carsynwdancer,518,1,0
1100558631400062977,Wed Feb 27 00:49:59 +0000 2019,RM_Salt,2693,6,0
1100557312807313409,Wed Feb 27 00:44:45 +0000 2019,mOQIl,1350,1,0
1100557006232944640,Wed Feb 27 00:43:32 +0000 2019,gaudenalexis,111,1,5
1100556836539899907,Wed Feb 27 00:42:51 +0000 2019,kxgyeol,668,610,0
1100556512068624384,Wed Feb 27 00:41:34 +0000 2019,OneBuckResume,4791,0,0
1100556401040973824,Wed Feb 27 00:41:08 +0000 2019,kunpeism,326,7,9
1100556124896538624,Wed Feb 27 00:40:02 +0000 2019,Roanito_TV,4,1,5
1100555137670500352,Wed Feb 27 00:36:06 +0000 2019,lil_teezan,296,0,0
1100555012495749120,Wed Feb 27 00:35:36 +0000 2019,freeitout,246,0,0
1100554806563762178,Wed Feb 27 00:34:47 +0000 2019,japanesehotporn,15139,0,2
1100553952054206465,Wed Feb 27 00:31:24 +0000 2019,WichitaKeith316,95,0,0
1100553904054398976,Wed Feb 27 00:31:12 +0000 2019,jasonagastrich,180080,0,0
1100553816607506432,Wed Feb 27 00:30:51 +0000 2019,ILLICITDOLAN,130,0,2
1100553673703391232,Wed Feb 27 00:30:17 +0000 2019,ElibertoPizarr1,63,2,0
1100553268118188032,Wed Feb 27 00:28:41 +0000 2019,dearsunyoul,445,610,0
1100552971128061952,Wed Feb 27 00:27:30 +0000 2019,GhettoBasquiat,1640,0,0
1100552586766082048,Wed Feb 27 00:25:58 +0000 2019,Alew430,68,0,0
1100550889042071555,Wed Feb 27 00:19:13 +0000 2019,blondefrizz,382,0,0
1100550669746855936,Wed Feb 27 00:18:21 +0000 2019,44MrLevy,44,0,2
1100549557941866496,Wed Feb 27 00:13:56 +0000 2019,rebeltrbl_,142,410,0
1100549543043706880,Wed Feb 27 00:13:52 +0000 2019,rebeltrbl_,142,207,0
1100549526702690305,Wed Feb 27 00:13:49 +0000 2019,rebeltrbl_,142,118,0
1100549477629345792,Wed Feb 27 00:13:37 +0000 2019,rebeltrbl_,142,120,0
1100549462299107328,Wed Feb 27 00:13:33 +0000 2019,BStrishock,81,14,0
1100549330258329602,Wed Feb 27 00:13:02 +0000 2019,dfhilario,448,0,2
1100549310297661440,Wed Feb 27 00:12:57 +0000 2019,YanieYampier,4177,0,1
1100548842385297410,Wed Feb 27 00:11:05 +0000 2019,YoloPoe,53,0,0
1100548439010615298,Wed Feb 27 00:09:29 +0000 2019,rebeltrbl_,142,2,0
1100547649617494017,Wed Feb 27 00:06:21 +0000 2019,Crazy_____Eight,1398,0,0
1100547587185172481,Wed Feb 27 00:06:06 +0000 2019,lil_teezan,296,0,0
1100547451696558080,Wed Feb 27 00:05:34 +0000 2019,freeitout,246,0,0
1100547317332090882,Wed Feb 27 00:05:02 +0000 2019,CiaoBambino,14400,0,0
1100547231059402759,Wed Feb 27 00:04:41 +0000 2019,LuisMar58561028,336,1,0
1100547143897677829,Wed Feb 27 00:04:20 +0000 2019,kristallbaby,363,22,0
1100546524642271232,Wed Feb 27 00:01:53 +0000 2019,mommabecccca,634,0,0
